<?xml version="1.0" encoding="UTF-8"?>
<!DOCTYPE mapper PUBLIC "-//mybatis.org//DTD Mapper 3.0//EN" "http://mybatis.org/dtd/mybatis-3-mapper.dtd">
<mapper namespace="com.myboot.mapper.CustomerItemMapper">
  <resultMap id="BaseResultMap" type="com.myboot.pojo.CustomerItem">
    <id column="id" jdbcType="INTEGER" property="id" />
    <result column="name" jdbcType="VARCHAR" property="name" />
    <result column="department" jdbcType="VARCHAR" property="department" />
    <result column="zhiwu" jdbcType="VARCHAR" property="zhiwu" />
    <result column="phone" jdbcType="VARCHAR" property="phone" />
    <result column="address" jdbcType="VARCHAR" property="address" />
    <result column="type" jdbcType="VARCHAR" property="type" />
    <result column="customer_id" jdbcType="VARCHAR" property="customerId" />
  </resultMap>
  <sql id="Example_Where_Clause">
    <where>
      <foreach collection="oredCriteria" item="criteria" separator="or">
        <if test="criteria.valid">
          <trim prefix="(" prefixOverrides="and" suffix=")">
            <foreach collection="criteria.criteria" item="criterion">
              <choose>
                <when test="criterion.noValue">
                  and ${criterion.condition}
                </when>
                <when test="criterion.singleValue">
                  and ${criterion.condition} #{criterion.value}
                </when>
                <when test="criterion.betweenValue">
                  and ${criterion.condition} #{criterion.value} and #{criterion.secondValue}
                </when>
                <when test="criterion.listValue">
                  and ${criterion.condition}
                  <foreach close=")" collection="criterion.value" item="listItem" open="(" separator=",">
                    #{listItem}
                  </foreach>
                </when>
              </choose>
            </foreach>
          </trim>
        </if>
      </foreach>
    </where>
  </sql>
  <sql id="Update_By_Example_Where_Clause">
    <where>
      <foreach collection="example.oredCriteria" item="criteria" separator="or">
        <if test="criteria.valid">
          <trim prefix="(" prefixOverrides="and" suffix=")">
            <foreach collection="criteria.criteria" item="criterion">
              <choose>
                <when test="criterion.noValue">
                  and ${criterion.condition}
                </when>
                <when test="criterion.singleValue">
                  and ${criterion.condition} #{criterion.value}
                </when>
                <when test="criterion.betweenValue">
                  and ${criterion.condition} #{criterion.value} and #{criterion.secondValue}
                </when>
                <when test="criterion.listValue">
                  and ${criterion.condition}
                  <foreach close=")" collection="criterion.value" item="listItem" open="(" separator=",">
                    #{listItem}
                  </foreach>
                </when>
              </choose>
            </foreach>
          </trim>
        </if>
      </foreach>
    </where>
  </sql>
  <sql id="Base_Column_List">
    id, `name`, department, zhiwu, phone, address, `type`, customer_id
  </sql>
  <select id="selectByExample" parameterType="com.myboot.pojo.CustomerItemExample" resultMap="BaseResultMap">
    select
    <if test="distinct">
      distinct
    </if>
    <include refid="Base_Column_List" />
    from customer_item
    <if test="_parameter != null">
      <include refid="Example_Where_Clause" />
    </if>
    <if test="orderByClause != null">
      order by ${orderByClause}
    </if>
  </select>
  <select id="selectByPrimaryKey" parameterType="java.lang.Integer" resultMap="BaseResultMap">
    select 
    <include refid="Base_Column_List" />
    from customer_item
    where id = #{id,jdbcType=INTEGER}
  </select>
  <delete id="deleteByPrimaryKey" parameterType="java.lang.Integer">
    delete from customer_item
    where id = #{id,jdbcType=INTEGER}
  </delete>
  <delete id="deleteByExample" parameterType="com.myboot.pojo.CustomerItemExample">
    delete from customer_item
    <if test="_parameter != null">
      <include refid="Example_Where_Clause" />
    </if>
  </delete>
  <insert id="insert" keyColumn="id" keyProperty="id" parameterType="com.myboot.pojo.CustomerItem" useGeneratedKeys="true">
    insert into customer_item (`name`, department, zhiwu, 
      phone, address, `type`, 
      customer_id)
    values (#{name,jdbcType=VARCHAR}, #{department,jdbcType=VARCHAR}, #{zhiwu,jdbcType=VARCHAR}, 
      #{phone,jdbcType=VARCHAR}, #{address,jdbcType=VARCHAR}, #{type,jdbcType=VARCHAR}, 
      #{customerId,jdbcType=VARCHAR})
  </insert>
  <insert id="insertSelective" keyColumn="id" keyProperty="id" parameterType="com.myboot.pojo.CustomerItem" useGeneratedKeys="true">
    insert into customer_item
    <trim prefix="(" suffix=")" suffixOverrides=",">
      <if test="name != null">
        `name`,
      </if>
      <if test="department != null">
        department,
      </if>
      <if test="zhiwu != null">
        zhiwu,
      </if>
      <if test="phone != null">
        phone,
      </if>
      <if test="address != null">
        address,
      </if>
      <if test="type != null">
        `type`,
      </if>
      <if test="customerId != null">
        customer_id,
      </if>
    </trim>
    <trim prefix="values (" suffix=")" suffixOverrides=",">
      <if test="name != null">
        #{name,jdbcType=VARCHAR},
      </if>
      <if test="department != null">
        #{department,jdbcType=VARCHAR},
      </if>
      <if test="zhiwu != null">
        #{zhiwu,jdbcType=VARCHAR},
      </if>
      <if test="phone != null">
        #{phone,jdbcType=VARCHAR},
      </if>
      <if test="address != null">
        #{address,jdbcType=VARCHAR},
      </if>
      <if test="type != null">
        #{type,jdbcType=VARCHAR},
      </if>
      <if test="customerId != null">
        #{customerId,jdbcType=VARCHAR},
      </if>
    </trim>
  </insert>
  <select id="countByExample" parameterType="com.myboot.pojo.CustomerItemExample" resultType="java.lang.Long">
    select count(*) from customer_item
    <if test="_parameter != null">
      <include refid="Example_Where_Clause" />
    </if>
  </select>
  <update id="updateByExampleSelective" parameterType="map">
    update customer_item
    <set>
      <if test="record.id != null">
        id = #{record.id,jdbcType=INTEGER},
      </if>
      <if test="record.name != null">
        `name` = #{record.name,jdbcType=VARCHAR},
      </if>
      <if test="record.department != null">
        department = #{record.department,jdbcType=VARCHAR},
      </if>
      <if test="record.zhiwu != null">
        zhiwu = #{record.zhiwu,jdbcType=VARCHAR},
      </if>
      <if test="record.phone != null">
        phone = #{record.phone,jdbcType=VARCHAR},
      </if>
      <if test="record.address != null">
        address = #{record.address,jdbcType=VARCHAR},
      </if>
      <if test="record.type != null">
        `type` = #{record.type,jdbcType=VARCHAR},
      </if>
      <if test="record.customerId != null">
        customer_id = #{record.customerId,jdbcType=VARCHAR},
      </if>
    </set>
    <if test="_parameter != null">
      <include refid="Update_By_Example_Where_Clause" />
    </if>
  </update>
  <update id="updateByExample" parameterType="map">
    update customer_item
    set id = #{record.id,jdbcType=INTEGER},
      `name` = #{record.name,jdbcType=VARCHAR},
      department = #{record.department,jdbcType=VARCHAR},
      zhiwu = #{record.zhiwu,jdbcType=VARCHAR},
      phone = #{record.phone,jdbcType=VARCHAR},
      address = #{record.address,jdbcType=VARCHAR},
      `type` = #{record.type,jdbcType=VARCHAR},
      customer_id = #{record.customerId,jdbcType=VARCHAR}
    <if test="_parameter != null">
      <include refid="Update_By_Example_Where_Clause" />
    </if>
  </update>
  <update id="updateByPrimaryKeySelective" parameterType="com.myboot.pojo.CustomerItem">
    update customer_item
    <set>
      <if test="name != null">
        `name` = #{name,jdbcType=VARCHAR},
      </if>
      <if test="department != null">
        department = #{department,jdbcType=VARCHAR},
      </if>
      <if test="zhiwu != null">
        zhiwu = #{zhiwu,jdbcType=VARCHAR},
      </if>
      <if test="phone != null">
        phone = #{phone,jdbcType=VARCHAR},
      </if>
      <if test="address != null">
        address = #{address,jdbcType=VARCHAR},
      </if>
      <if test="type != null">
        `type` = #{type,jdbcType=VARCHAR},
      </if>
      <if test="customerId != null">
        customer_id = #{customerId,jdbcType=VARCHAR},
      </if>
    </set>
    where id = #{id,jdbcType=INTEGER}
  </update>
  <update id="updateByPrimaryKey" parameterType="com.myboot.pojo.CustomerItem">
    update customer_item
    set `name` = #{name,jdbcType=VARCHAR},
      department = #{department,jdbcType=VARCHAR},
      zhiwu = #{zhiwu,jdbcType=VARCHAR},
      phone = #{phone,jdbcType=VARCHAR},
      address = #{address,jdbcType=VARCHAR},
      `type` = #{type,jdbcType=VARCHAR},
      customer_id = #{customerId,jdbcType=VARCHAR}
    where id = #{id,jdbcType=INTEGER}
  </update>
</mapper>