<?xml version="1.0" encoding="UTF-8"?>
<!DOCTYPE mapper PUBLIC "-//mybatis.org//DTD Mapper 3.0//EN" "http://mybatis.org/dtd/mybatis-3-mapper.dtd">
<mapper namespace="com.myboot.mapper.ProductMapper">
  <resultMap id="BaseResultMap" type="com.myboot.pojo.Product">
    <id column="id" jdbcType="INTEGER" property="id" />
    <result column="name" jdbcType="VARCHAR" property="name" />
    <result column="type" jdbcType="VARCHAR" property="type" />
    <result column="danwie" jdbcType="VARCHAR" property="danwie" />
    <result column="caizhi" jdbcType="VARCHAR" property="caizhi" />
    <result column="jishu_biaozhun" jdbcType="VARCHAR" property="jishuBiaozhun" />
    <result column="zhibao_dengji" jdbcType="VARCHAR" property="zhibaoDengji" />
    <result column="beizhu" jdbcType="VARCHAR" property="beizhu" />
  </resultMap>
  <sql id="Example_Where_Clause">
    <where>
      <foreach collection="oredCriteria" item="criteria" separator="or">
        <if test="criteria.valid">
          <trim prefix="(" prefixOverrides="and" suffix=")">
            <foreach collection="criteria.criteria" item="criterion">
              <choose>
                <when test="criterion.noValue">
                  and ${criterion.condition}
                </when>
                <when test="criterion.singleValue">
                  and ${criterion.condition} #{criterion.value}
                </when>
                <when test="criterion.betweenValue">
                  and ${criterion.condition} #{criterion.value} and #{criterion.secondValue}
                </when>
                <when test="criterion.listValue">
                  and ${criterion.condition}
                  <foreach close=")" collection="criterion.value" item="listItem" open="(" separator=",">
                    #{listItem}
                  </foreach>
                </when>
              </choose>
            </foreach>
          </trim>
        </if>
      </foreach>
    </where>
  </sql>
  <sql id="Update_By_Example_Where_Clause">
    <where>
      <foreach collection="example.oredCriteria" item="criteria" separator="or">
        <if test="criteria.valid">
          <trim prefix="(" prefixOverrides="and" suffix=")">
            <foreach collection="criteria.criteria" item="criterion">
              <choose>
                <when test="criterion.noValue">
                  and ${criterion.condition}
                </when>
                <when test="criterion.singleValue">
                  and ${criterion.condition} #{criterion.value}
                </when>
                <when test="criterion.betweenValue">
                  and ${criterion.condition} #{criterion.value} and #{criterion.secondValue}
                </when>
                <when test="criterion.listValue">
                  and ${criterion.condition}
                  <foreach close=")" collection="criterion.value" item="listItem" open="(" separator=",">
                    #{listItem}
                  </foreach>
                </when>
              </choose>
            </foreach>
          </trim>
        </if>
      </foreach>
    </where>
  </sql>
  <sql id="Base_Column_List">
    id, `name`, `type`, danwie, caizhi, jishu_biaozhun, zhibao_dengji, beizhu
  </sql>
  <select id="selectByExample" parameterType="com.myboot.pojo.ProductExample" resultMap="BaseResultMap">
    select
    <if test="distinct">
      distinct
    </if>
    <include refid="Base_Column_List" />
    from product
    <if test="_parameter != null">
      <include refid="Example_Where_Clause" />
    </if>
    <if test="orderByClause != null">
      order by ${orderByClause}
    </if>
    <if test="limit != null">
      <if test="offset != null">
        limit ${offset}, ${limit}
      </if>
      <if test="offset == null">
        limit ${limit}
      </if>
    </if>
  </select>
  <select id="selectByPrimaryKey" parameterType="java.lang.Integer" resultMap="BaseResultMap">
    select 
    <include refid="Base_Column_List" />
    from product
    where id = #{id,jdbcType=INTEGER}
  </select>
  <delete id="deleteByPrimaryKey" parameterType="java.lang.Integer">
    delete from product
    where id = #{id,jdbcType=INTEGER}
  </delete>
  <delete id="deleteByExample" parameterType="com.myboot.pojo.ProductExample">
    delete from product
    <if test="_parameter != null">
      <include refid="Example_Where_Clause" />
    </if>
  </delete>
  <insert id="insert" keyColumn="id" keyProperty="id" parameterType="com.myboot.pojo.Product" useGeneratedKeys="true">
    insert into product (`name`, `type`, danwie, 
      caizhi, jishu_biaozhun, zhibao_dengji, 
      beizhu)
    values (#{name,jdbcType=VARCHAR}, #{type,jdbcType=VARCHAR}, #{danwie,jdbcType=VARCHAR}, 
      #{caizhi,jdbcType=VARCHAR}, #{jishuBiaozhun,jdbcType=VARCHAR}, #{zhibaoDengji,jdbcType=VARCHAR}, 
      #{beizhu,jdbcType=VARCHAR})
  </insert>
  <insert id="insertSelective" keyColumn="id" keyProperty="id" parameterType="com.myboot.pojo.Product" useGeneratedKeys="true">
    insert into product
    <trim prefix="(" suffix=")" suffixOverrides=",">
      <if test="name != null">
        `name`,
      </if>
      <if test="type != null">
        `type`,
      </if>
      <if test="danwie != null">
        danwie,
      </if>
      <if test="caizhi != null">
        caizhi,
      </if>
      <if test="jishuBiaozhun != null">
        jishu_biaozhun,
      </if>
      <if test="zhibaoDengji != null">
        zhibao_dengji,
      </if>
      <if test="beizhu != null">
        beizhu,
      </if>
    </trim>
    <trim prefix="values (" suffix=")" suffixOverrides=",">
      <if test="name != null">
        #{name,jdbcType=VARCHAR},
      </if>
      <if test="type != null">
        #{type,jdbcType=VARCHAR},
      </if>
      <if test="danwie != null">
        #{danwie,jdbcType=VARCHAR},
      </if>
      <if test="caizhi != null">
        #{caizhi,jdbcType=VARCHAR},
      </if>
      <if test="jishuBiaozhun != null">
        #{jishuBiaozhun,jdbcType=VARCHAR},
      </if>
      <if test="zhibaoDengji != null">
        #{zhibaoDengji,jdbcType=VARCHAR},
      </if>
      <if test="beizhu != null">
        #{beizhu,jdbcType=VARCHAR},
      </if>
    </trim>
  </insert>
  <select id="countByExample" parameterType="com.myboot.pojo.ProductExample" resultType="java.lang.Long">
    select count(*) from product
    <if test="_parameter != null">
      <include refid="Example_Where_Clause" />
    </if>
  </select>
  <update id="updateByExampleSelective" parameterType="map">
    update product
    <set>
      <if test="record.id != null">
        id = #{record.id,jdbcType=INTEGER},
      </if>
      <if test="record.name != null">
        `name` = #{record.name,jdbcType=VARCHAR},
      </if>
      <if test="record.type != null">
        `type` = #{record.type,jdbcType=VARCHAR},
      </if>
      <if test="record.danwie != null">
        danwie = #{record.danwie,jdbcType=VARCHAR},
      </if>
      <if test="record.caizhi != null">
        caizhi = #{record.caizhi,jdbcType=VARCHAR},
      </if>
      <if test="record.jishuBiaozhun != null">
        jishu_biaozhun = #{record.jishuBiaozhun,jdbcType=VARCHAR},
      </if>
      <if test="record.zhibaoDengji != null">
        zhibao_dengji = #{record.zhibaoDengji,jdbcType=VARCHAR},
      </if>
      <if test="record.beizhu != null">
        beizhu = #{record.beizhu,jdbcType=VARCHAR},
      </if>
    </set>
    <if test="_parameter != null">
      <include refid="Update_By_Example_Where_Clause" />
    </if>
  </update>
  <update id="updateByExample" parameterType="map">
    update product
    set id = #{record.id,jdbcType=INTEGER},
      `name` = #{record.name,jdbcType=VARCHAR},
      `type` = #{record.type,jdbcType=VARCHAR},
      danwie = #{record.danwie,jdbcType=VARCHAR},
      caizhi = #{record.caizhi,jdbcType=VARCHAR},
      jishu_biaozhun = #{record.jishuBiaozhun,jdbcType=VARCHAR},
      zhibao_dengji = #{record.zhibaoDengji,jdbcType=VARCHAR},
      beizhu = #{record.beizhu,jdbcType=VARCHAR}
    <if test="_parameter != null">
      <include refid="Update_By_Example_Where_Clause" />
    </if>
  </update>
  <update id="updateByPrimaryKeySelective" parameterType="com.myboot.pojo.Product">
    update product
    <set>
      <if test="name != null">
        `name` = #{name,jdbcType=VARCHAR},
      </if>
      <if test="type != null">
        `type` = #{type,jdbcType=VARCHAR},
      </if>
      <if test="danwie != null">
        danwie = #{danwie,jdbcType=VARCHAR},
      </if>
      <if test="caizhi != null">
        caizhi = #{caizhi,jdbcType=VARCHAR},
      </if>
      <if test="jishuBiaozhun != null">
        jishu_biaozhun = #{jishuBiaozhun,jdbcType=VARCHAR},
      </if>
      <if test="zhibaoDengji != null">
        zhibao_dengji = #{zhibaoDengji,jdbcType=VARCHAR},
      </if>
      <if test="beizhu != null">
        beizhu = #{beizhu,jdbcType=VARCHAR},
      </if>
    </set>
    where id = #{id,jdbcType=INTEGER}
  </update>
  <update id="updateByPrimaryKey" parameterType="com.myboot.pojo.Product">
    update product
    set `name` = #{name,jdbcType=VARCHAR},
      `type` = #{type,jdbcType=VARCHAR},
      danwie = #{danwie,jdbcType=VARCHAR},
      caizhi = #{caizhi,jdbcType=VARCHAR},
      jishu_biaozhun = #{jishuBiaozhun,jdbcType=VARCHAR},
      zhibao_dengji = #{zhibaoDengji,jdbcType=VARCHAR},
      beizhu = #{beizhu,jdbcType=VARCHAR}
    where id = #{id,jdbcType=INTEGER}
  </update>
</mapper>