<?xml version="1.0" encoding="UTF-8" ?>
<!DOCTYPE mapper
        PUBLIC "-//mybatis.org//DTD Mapper 3.0//EN"
        "https://mybatis.org/dtd/mybatis-3-mapper.dtd">

<mapper namespace="com.myboot.mapper.GoodsMapper">
    <insert id="goodsAdd">
        INSERT INTO goods(`gName`,`gFenl`,`gUnit`,`gMaterial`,`gTechnology`,`gLevel`,`gText`)
        VALUES (#{gName},#{gFenl},#{gUnit},#{gMaterial},#{gTechnology},#{gLevel},#{gText})
    </insert>
    <update id="goodsUpdate">
        UPDATE goods
        <set>
            <if test="gName != null and gName != ''">
                `gName` = #{gName},
            </if>
            <if test="gFenl != null and gFenl != ''">
                `gFenl` = #{gFenl},
            </if>
            <if test="gUnit != null and gUnit != ''">
                `gUnit` = #{gUnit},
            </if>
            <if test="gMaterial != null and gMaterial != ''">
                `gMaterial` = #{gMaterial},
            </if>
            <if test="gTechnology != null and gTechnology != ''">
                `gTechnology` = #{gTechnology},
            </if>
            <if test="gLevel != null and gLevel != ''">
                `gLevel` = #{gLevel},
            </if>
            <if test="gText != null and gText != ''">
                `gText` = #{gText}
            </if>
        </set>
        WHERE `cpId` = #{cpId}
    </update>
    <delete id="goodsDel">
        DELETE FROM goods
        WHERE gId = #{gId}
    </delete>

    <select id="getAll" resultType="com.myboot.pojo.Goods">
        SELECT `gID`,`gName`,`gFenl`,`gUnit`,`gMaterial`,`gTechnology`,`gLevel`,`gText`
        FROM goods
    </select>
</mapper>