<?xml version="1.0" encoding="UTF-8" ?>
<!DOCTYPE mapper
        PUBLIC "-//mybatis.org//DTD Mapper 3.0//EN"
        "https://mybatis.org/dtd/mybatis-3-mapper.dtd">

<mapper namespace="com.myboot.mapper.UserMapper">
    <insert id="insertUser">
        INSERT INTO `user`(id,userName,adminName,money,localdiqv,localAddress,`text`,phone,localPhone,fatherName)
        VALUES(#{id},#{userName},#{adminName},#{money},#{localdiqv},#{localAddress},#{text},#{phone},#{localPhone},#{fatherName})
    </insert>


    <select id="getAll" resultType="com.myboot.pojo.User">
        select *
        from user
    </select>


    <sql id="baseSql">
        id,name,username,password,power,shenpi,cangku,dianpu,hesuan_danwei,changyong
    </sql>
    <select id="login" parameterType="com.myboot.vo.UserVO" resultType="com.myboot.pojo.User">
        select
        id,name,username,power,shenpi,cangku,dianpu,hesuan_danwei,changyong
        from userInfo
        where
        username = #{username}
        and
        password = #{password}
    </select>

    <select id="getUserInfoById">
        select
        id,name as name,username,power,shenpi as shenpi,
        cangku as cangku,dianpu as dianpu,
        hesuan_danwei as hesuanDanwei,changyong as changyong
        from
        userInfo
        where
        id = #{id}
    </select>

    <update id="updateById">
        update userInfo
        <set>
            <if test="name!=null">name = #{name},</if>
            <if test="password!=null">password = #{password},</if>
            <if test="power!=null">power=#{power},</if>
            <if test="shenpi!=null">shenpi=#{shenpi},</if>
            <if test="cangku!=null">cangku=#{cangku},</if>
            <if test="dianpu!=null">dianpu=#{dianpu},</if>
            <if test="hesuanDanwei!=null">hesuan_danwei=#{hesuanDanwei},</if>
            <if test="changyong!=null">changyong=#{changyong},</if>
        </set>
        where
        id=#{id}
    </update>
    <select id="queryAllUsers" resultType="com.myboot.pojo.User">
        select id, name from userInfo
    </select>
</mapper>